,Gene_set,Term,Overlap,P-value,Adjusted P-value,Old P-value,Old Adjusted P-value,Odds Ratio,Combined Score,Genes
0,GO_Molecular_Function_2021,microtubule motor activity (GO:0003777),14/56,1.4575028393540003e-06,0.0005232435193280862,0,0,5.771349862258953,77.55993556049334,DNAH8;KIF14;KIF23;KIF11;KIF15;CENPE;KIF18A;KIF18B;KIFC1;KIF26B;KIF4A;KIF2C;KIF1A;KIF20A
1,GO_Molecular_Function_2021,motor activity (GO:0003774),14/66,1.1600186463987072e-05,0.0020822334702856,0,0,4.659002613548068,52.94718574868147,DNAH8;KIF14;KIF23;KIF11;KIF15;CENPE;KIF18A;KIF18B;KIFC1;KIF26B;KIF4A;KIF2C;KIF1A;KIF20A
2,GO_Molecular_Function_2021,CXCR3 chemokine receptor binding (GO:0048248),4/5,4.3991457340192755e-05,0.0052643110617097,0,0,68.77525022747953,689.9199607681313,CXCL10;CXCL11;CXCL9;CXCL13
3,GO_Molecular_Function_2021,histone kinase activity (GO:0035173),3/8,0.0075988634398786,0.6819979937291113,0,0,10.304727272727272,50.28456081989774,CDK1;AURKB;AURKA
4,GO_Molecular_Function_2021,CXCR chemokine receptor binding (GO:0045236),4/17,0.0122938007965105,0.8826948971894569,0,0,5.287044166025058,23.2559104523359,CXCL10;CXCL9;CXCL11;CXCL13
5,GO_Molecular_Function_2021,peptidoglycan immune receptor activity (GO:0016019),2/5,0.0271788182951392,0.999995947024096,0,0,11.440508628519527,41.24666423068267,PGLYRP4;PGLYRP3
6,GO_Molecular_Function_2021,GABA receptor activity (GO:0016917),4/22,0.0303876788673444,0.999995947024096,0,0,3.817409766454353,13.336953417304729,GABRQ;GABBR2;GABRA5;GABRD
7,GO_Molecular_Function_2021,microtubule binding (GO:0008017),20/232,0.0322913549854765,0.999995947024096,0,0,1.6276415965434938,5.587621548635562,SPAG5;PLK1;KIF14;KIF23;SKA1;KIF15;TPX2;CENPE;KIF18A;KIF18B;KIFC1;KIF26B;BIRC5;KIF2C;KIF20A;KIF1A;FSD1;FAM83D;GTSE1;DLGAP5
8,GO_Molecular_Function_2021,cyclin-dependent protein serine/threonine kinase regulator activity (GO:0016538),6/44,0.032669723980123,0.999995947024096,0,0,2.714436501463321,9.28691925207765,CCNA2;CCNB2;CDKN2A;CCNE1;CKS2;CCNP
9,GO_Molecular_Function_2021,nucleosomal DNA binding (GO:0031492),5/33,0.0332009796754287,0.999995947024096,0,0,3.068728857663284,10.4495615350166,H1-5;H1-4;H1-6;H1-1;H1-3
10,GO_Molecular_Function_2021,histone serine kinase activity (GO:0035174),2/6,0.0392932992460053,0.999995947024096,0,0,8.579927338782925,27.770661776496876,AURKB;AURKA
11,GO_Molecular_Function_2021,chemokine receptor binding (GO:0042379),6/50,0.0558775033628718,0.999995947024096,0,0,2.343540233695202,6.760160747317883,CXCL10;CXCL9;CXCL11;CCL11;S100A14;CXCL13
12,GO_Molecular_Function_2021,acetylcholine receptor binding (GO:0033130),2/8,0.0681739502655982,0.999995947024096,0,0,5.7193460490463215,15.360406207302534,PSCA;LY6H
13,GO_Molecular_Function_2021,metalloendopeptidase activity (GO:0004222),8/82,0.0821349793206144,0.999995947024096,0,0,1.8583734419350857,4.644802405048063,MMP11;ADAMDEC1;ADAMTS14;MMP13;MMP1;ADAMTS19;MMP10;ADAMTS20
14,GO_Molecular_Function_2021,ligand-gated calcium channel activity (GO:0099604),3/19,0.0838896376688888,0.999995947024096,0,0,3.2183522727272726,7.975891758285179,TRPA1;TRPM8;TRPM5
15,GO_Molecular_Function_2021,GABA-A receptor activity (GO:0004890),3/19,0.0838896376688888,0.999995947024096,0,0,3.2183522727272726,7.975891758285179,GABRQ;GABRA5;GABRD
16,GO_Molecular_Function_2021,glutamate receptor activity (GO:0008066),3/19,0.0838896376688888,0.999995947024096,0,0,3.2183522727272726,7.975891758285179,GRIA2;GRM4;GRM8
17,GO_Molecular_Function_2021,adenylate cyclase inhibiting G protein-coupled glutamate receptor activity (GO:0001640),2/9,0.0845280002165119,0.999995947024096,0,0,4.9020371091215775,12.111327965749702,GRM4;GRM8
18,GO_Molecular_Function_2021,L-aspartate transmembrane transporter activity (GO:0015183),2/9,0.0845280002165119,0.999995947024096,0,0,4.9020371091215775,12.111327965749702,SLC1A1;SLC1A6
19,GO_Molecular_Function_2021,"oxidoreductase activity, acting on the CH-NH2 group of donors, oxygen as acceptor (GO:0016641)",2/9,0.0845280002165119,0.999995947024096,0,0,4.9020371091215775,12.111327965749702,IL4I1;AOC1
20,GO_Molecular_Function_2021,G protein-coupled glutamate receptor activity (GO:0098988),2/9,0.0845280002165119,0.999995947024096,0,0,4.9020371091215775,12.111327965749702,GRM4;GRM8
21,GO_Molecular_Function_2021,chemokine activity (GO:0008009),5/46,0.1078195320707735,0.999995947024096,0,0,2.094273401750411,4.664567710700936,CXCL10;CXCL9;CXCL11;CCL11;CXCL13
22,GO_Molecular_Function_2021,phosphatidate phosphatase activity (GO:0008195),2/13,0.1586948308866987,0.999995947024096,0,0,3.1188176038312276,5.741032815553097,PLPP4;PLPPR5
23,GO_Molecular_Function_2021,voltage-gated potassium channel activity (GO:0005249),7/82,0.1659043229869876,0.999995947024096,0,0,1.6028467153284671,2.879264119009261,KCNG1;KCNF1;KCNG3;KCNJ6;LRRC52;KCNH1;KCNJ3
24,GO_Molecular_Function_2021,cysteine-type endopeptidase inhibitor activity (GO:0004869),4/40,0.1770957179684966,0.999995947024096,0,0,1.9068850470124352,3.3009417981864613,PTTG1;BIRC5;CST5;CST4
25,GO_Molecular_Function_2021,L-glutamate transmembrane transporter activity (GO:0005313),2/14,0.1787143470054946,0.999995947024096,0,0,2.8587647593097185,4.9226973602163255,SLC1A1;SLC1A6
26,GO_Molecular_Function_2021,protein serine/threonine/tyrosine kinase activity (GO:0004712),3/28,0.1988090007617774,0.999995947024096,0,0,2.0587636363636364,3.3257488282051573,TTK;AURKB;AURKA
27,GO_Molecular_Function_2021,acidic amino acid transmembrane transporter activity (GO:0015172),2/15,0.1990861468378354,0.999995947024096,0,0,2.6387200447145953,4.258940723595559,SLC1A1;SLC1A6
28,GO_Molecular_Function_2021,peptidoglycan binding (GO:0042834),2/15,0.1990861468378354,0.999995947024096,0,0,2.6387200447145953,4.258940723595559,PGLYRP4;PGLYRP3
29,GO_Molecular_Function_2021,G protein-coupled photoreceptor activity (GO:0008020),2/15,0.1990861468378354,0.999995947024096,0,0,2.6387200447145953,4.258940723595559,GPR52;OPN5
30,GO_Molecular_Function_2021,C4-dicarboxylate transmembrane transporter activity (GO:0015556),2/16,0.2197106022490427,0.999995947024096,0,0,2.4501102893473465,3.7130050424607135,SLC1A1;SLC1A6
31,GO_Molecular_Function_2021,"DNA binding, bending (GO:0008301)",2/16,0.2197106022490427,0.999995947024096,0,0,2.4501102893473465,3.7130050424607135,TOP2A;FOXD1
32,GO_Molecular_Function_2021,potassium ion antiporter activity (GO:0022821),2/16,0.2197106022490427,0.999995947024096,0,0,2.4501102893473465,3.7130050424607135,SLC24A2;SLC9A4
33,GO_Molecular_Function_2021,5'-deoxyribose-5-phosphate lyase activity (GO:0051575),1/5,0.2469879735685025,0.999995947024096,0,0,4.286070780399274,5.993708385793417,POLQ
34,GO_Molecular_Function_2021,RNA-DNA hybrid ribonuclease activity (GO:0004523),1/5,0.2469879735685025,0.999995947024096,0,0,4.286070780399274,5.993708385793417,EXO1
35,GO_Molecular_Function_2021,lipid kinase activity (GO:0001727),1/5,0.2469879735685025,0.999995947024096,0,0,4.286070780399274,5.993708385793417,CERKL
36,GO_Molecular_Function_2021,"calcium, potassium:sodium antiporter activity (GO:0008273)",1/5,0.2469879735685025,0.999995947024096,0,0,4.286070780399274,5.993708385793417,SLC24A2
37,GO_Molecular_Function_2021,CCR3 chemokine receptor binding (GO:0031728),1/5,0.2469879735685025,0.999995947024096,0,0,4.286070780399274,5.993708385793417,CCL11
38,GO_Molecular_Function_2021,choline transmembrane transporter activity (GO:0015220),1/5,0.2469879735685025,0.999995947024096,0,0,4.286070780399274,5.993708385793417,SLC44A4
39,GO_Molecular_Function_2021,endogenous lipid antigen binding (GO:0030883),1/5,0.2469879735685025,0.999995947024096,0,0,4.286070780399274,5.993708385793417,CD1A
40,GO_Molecular_Function_2021,ER retention sequence binding (GO:0046923),1/5,0.2469879735685025,0.999995947024096,0,0,4.286070780399274,5.993708385793417,CEMIP
41,GO_Molecular_Function_2021,exogenous lipid antigen binding (GO:0030884),1/5,0.2469879735685025,0.999995947024096,0,0,4.286070780399274,5.993708385793417,CD1A
42,GO_Molecular_Function_2021,potassium channel activator activity (GO:0099104),1/5,0.2469879735685025,0.999995947024096,0,0,4.286070780399274,5.993708385793417,LRRC52
43,GO_Molecular_Function_2021,procollagen-proline 4-dioxygenase activity (GO:0004656),1/5,0.2469879735685025,0.999995947024096,0,0,4.286070780399274,5.993708385793417,P4HA3
44,GO_Molecular_Function_2021,GPI-linked ephrin receptor activity (GO:0005004),1/5,0.2469879735685025,0.999995947024096,0,0,4.286070780399274,5.993708385793417,EPHA8
45,GO_Molecular_Function_2021,riboflavin transmembrane transporter activity (GO:0032217),1/5,0.2469879735685025,0.999995947024096,0,0,4.286070780399274,5.993708385793417,RTBDN
46,GO_Molecular_Function_2021,tubulin binding (GO:0015631),20/307,0.2519226400620709,0.999995947024096,0,0,1.197473787163673,1.650877146033481,SPAG5;PLK1;KIF14;KIF23;SKA1;KIF15;TPX2;CENPE;KIF18A;KIF18B;KIFC1;KIF26B;BIRC5;KIF2C;KIF20A;KIF1A;FSD1;FAM83D;GTSE1;DLGAP5
47,GO_Molecular_Function_2021,neuropeptide receptor binding (GO:0071855),2/18,0.2613676781670573,0.999995947024096,0,0,2.143619436875568,2.876366726178177,KISS1;NMU
48,GO_Molecular_Function_2021,serotonin receptor activity (GO:0099589),3/33,0.2732029728380938,0.999995947024096,0,0,1.715181818181818,2.225517479119187,HRH3;HTR1E;HTR1D
49,GO_Molecular_Function_2021,delayed rectifier potassium channel activity (GO:0005251),3/33,0.2732029728380938,0.999995947024096,0,0,1.715181818181818,2.225517479119187,KCNG1;KCNG3;KCNH1
50,GO_Molecular_Function_2021,G protein-coupled serotonin receptor activity (GO:0004993),3/33,0.2732029728380938,0.999995947024096,0,0,1.715181818181818,2.225517479119187,HRH3;HTR1E;HTR1D
51,GO_Molecular_Function_2021,transmitter-gated ion channel activity (GO:0022824),3/34,0.2884727566831411,0.999995947024096,0,0,1.659765395894428,2.0633450339651764,GRIA2;CHRND;GABRA5
52,GO_Molecular_Function_2021,11-cis retinal binding (GO:0005502),1/6,0.2885269132392572,0.999995947024096,0,0,3.4286751361161523,4.26172974136786,OPN5
53,GO_Molecular_Function_2021,RNA-directed DNA polymerase activity (GO:0003964),1/6,0.2885269132392572,0.999995947024096,0,0,3.4286751361161523,4.26172974136786,TERT
54,GO_Molecular_Function_2021,alkaline phosphatase activity (GO:0004035),1/6,0.2885269132392572,0.999995947024096,0,0,3.4286751361161523,4.26172974136786,CILP2
55,GO_Molecular_Function_2021,STAT family protein binding (GO:0097677),1/6,0.2885269132392572,0.999995947024096,0,0,3.4286751361161523,4.26172974136786,H2BC9
56,GO_Molecular_Function_2021,sulfur amino acid transmembrane transporter activity (GO:0000099),1/6,0.2885269132392572,0.999995947024096,0,0,3.4286751361161523,4.26172974136786,SLC1A1
57,GO_Molecular_Function_2021,telomerase activity (GO:0003720),1/6,0.2885269132392572,0.999995947024096,0,0,3.4286751361161523,4.26172974136786,TERT
58,GO_Molecular_Function_2021,myosin light chain binding (GO:0032027),1/6,0.2885269132392572,0.999995947024096,0,0,3.4286751361161523,4.26172974136786,IQGAP3
59,GO_Molecular_Function_2021,nucleosomal histone binding (GO:0031493),1/6,0.2885269132392572,0.999995947024096,0,0,3.4286751361161523,4.26172974136786,UHRF1
60,GO_Molecular_Function_2021,gap junction channel activity involved in cell communication by electrical coupling (GO:1903763),1/6,0.2885269132392572,0.999995947024096,0,0,3.4286751361161523,4.26172974136786,GJB2
61,GO_Molecular_Function_2021,protein kinase regulator activity (GO:0019887),7/98,0.2960931307686823,0.999995947024096,0,0,1.3199045480067375,1.60643106815212,CCNA2;CCNB2;CXCL10;TPX2;EPO;CCNE1;CCNP
62,GO_Molecular_Function_2021,microtubule plus-end binding (GO:0051010),2/20,0.303072762758947,0.999995947024096,0,0,1.9052376627308507,2.274439115630366,KIF18A;KIF2C
63,GO_Molecular_Function_2021,neurotransmitter receptor activity involved in regulation of postsynaptic membrane potential (GO:0099529),2/21,0.3237861670942821,0.999995947024096,0,0,1.8048663894067591,2.03529721739196,CHRND;GABRA5
64,GO_Molecular_Function_2021,histone acetyltransferase binding (GO:0035035),2/21,0.3237861670942821,0.999995947024096,0,0,1.8048663894067591,2.03529721739196,PAX6;FOXP3
65,GO_Molecular_Function_2021,5'-3' DNA helicase activity (GO:0043139),1/7,0.3277763707261986,0.999995947024096,0,0,2.8570780399274045,3.1868525576087,BRIP1
66,GO_Molecular_Function_2021,intracellular cGMP-activated cation channel activity (GO:0005223),1/7,0.3277763707261986,0.999995947024096,0,0,2.8570780399274045,3.1868525576087,CNGA2
67,GO_Molecular_Function_2021,ubiquitin-protein transferase activator activity (GO:0097027),1/7,0.3277763707261986,0.999995947024096,0,0,2.8570780399274045,3.1868525576087,CDC20
68,GO_Molecular_Function_2021,clathrin light chain binding (GO:0032051),1/7,0.3277763707261986,0.999995947024096,0,0,2.8570780399274045,3.1868525576087,CALY
69,GO_Molecular_Function_2021,phosphatidylinositol 3-kinase regulatory subunit binding (GO:0036312),1/7,0.3277763707261986,0.999995947024096,0,0,2.8570780399274045,3.1868525576087,FAM83A
70,GO_Molecular_Function_2021,G protein-coupled acetylcholine receptor activity (GO:0016907),1/7,0.3277763707261986,0.999995947024096,0,0,2.8570780399274045,3.1868525576087,HRH3
71,GO_Molecular_Function_2021,G protein-coupled neurotransmitter receptor activity (GO:0099528),1/7,0.3277763707261986,0.999995947024096,0,0,2.8570780399274045,3.1868525576087,HRH3
72,GO_Molecular_Function_2021,GPI anchor binding (GO:0034235),1/7,0.3277763707261986,0.999995947024096,0,0,2.8570780399274045,3.1868525576087,CEACAM5
73,GO_Molecular_Function_2021,acetylcholine receptor activity (GO:0015464),2/22,0.344336696800359,0.999995947024096,0,0,1.7145322434150772,1.8279234000257796,HRH3;CHRNA6
74,GO_Molecular_Function_2021,DNA polymerase activity (GO:0034061),2/22,0.344336696800359,0.999995947024096,0,0,1.7145322434150772,1.8279234000257796,POLQ;TERT
75,GO_Molecular_Function_2021,metallopeptidase activity (GO:0008237),8/121,0.3511014167007451,0.999995947024096,0,0,1.2144663999676728,1.271157886781304,MMP11;ADAMDEC1;ADAMTS14;MMP13;ADAMTS19;MMP1;MMP10;ADAMTS20
76,GO_Molecular_Function_2021,serine-type endopeptidase activity (GO:0004252),7/105,0.3590042748191503,0.999995947024096,0,0,1.2251694473409802,1.2550892895749963,F7;PRSS1;PROC;PRSS48;PRSS33;PRSS2;CORIN
77,GO_Molecular_Function_2021,cyclic nucleotide binding (GO:0030551),2/23,0.3646793397850501,0.999995947024096,0,0,1.6328013494226028,1.64706686158337,CNGA2;KCNH1
78,GO_Molecular_Function_2021,hyalurononglucosaminidase activity (GO:0004415),1/8,0.3648624256257259,0.999995947024096,0,0,2.4487943997925847,2.46896000751378,CEMIP
79,GO_Molecular_Function_2021,5'-3' exodeoxyribonuclease activity (GO:0035312),1/8,0.3648624256257259,0.999995947024096,0,0,2.4487943997925847,2.46896000751378,EXO1
80,GO_Molecular_Function_2021,5'-flap endonuclease activity (GO:0017108),1/8,0.3648624256257259,0.999995947024096,0,0,2.4487943997925847,2.46896000751378,EXO1
81,GO_Molecular_Function_2021,inositol hexakisphosphate kinase activity (GO:0000828),1/8,0.3648624256257259,0.999995947024096,0,0,2.4487943997925847,2.46896000751378,ITPKA
82,GO_Molecular_Function_2021,interleukin-17 receptor activity (GO:0030368),1/8,0.3648624256257259,0.999995947024096,0,0,2.4487943997925847,2.46896000751378,IL17REL
83,GO_Molecular_Function_2021,androsterone dehydrogenase activity (GO:0047023),1/8,0.3648624256257259,0.999995947024096,0,0,2.4487943997925847,2.46896000751378,HSD17B6
84,GO_Molecular_Function_2021,bubble DNA binding (GO:0000405),1/8,0.3648624256257259,0.999995947024096,0,0,2.4487943997925847,2.46896000751378,NEIL3
85,GO_Molecular_Function_2021,cyclin-dependent protein serine/threonine kinase activator activity (GO:0061575),1/8,0.3648624256257259,0.999995947024096,0,0,2.4487943997925847,2.46896000751378,CKS2
86,GO_Molecular_Function_2021,deoxycytidine deaminase activity (GO:0047844),1/8,0.3648624256257259,0.999995947024096,0,0,2.4487943997925847,2.46896000751378,APOBEC3B
87,GO_Molecular_Function_2021,peptidyl-proline 4-dioxygenase activity (GO:0031545),1/8,0.3648624256257259,0.999995947024096,0,0,2.4487943997925847,2.46896000751378,P4HA3
88,GO_Molecular_Function_2021,DNA N-glycosylase activity (GO:0019104),1/8,0.3648624256257259,0.999995947024096,0,0,2.4487943997925847,2.46896000751378,NEIL3
89,GO_Molecular_Function_2021,procollagen-proline dioxygenase activity (GO:0019798),1/8,0.3648624256257259,0.999995947024096,0,0,2.4487943997925847,2.46896000751378,P4HA3
90,GO_Molecular_Function_2021,G protein-coupled amine receptor activity (GO:0008227),3/39,0.3652054804346593,0.999995947024096,0,0,1.4288636363636364,1.4392873733517375,HRH3;HTR1E;HTR1D
91,GO_Molecular_Function_2021,methyl-CpG binding (GO:0008327),2/24,0.3847745350301595,0.999995947024096,0,0,1.5585005367021716,1.4885203396713522,UHRF1;HOXB13
92,GO_Molecular_Function_2021,serine-type peptidase activity (GO:0008236),8/125,0.3848838221913984,0.999995947024096,0,0,1.172696405573118,1.1197066535256863,F7;PRSS1;PROC;PRSS48;KLK4;PRSS33;PRSS2;CORIN
93,GO_Molecular_Function_2021,intracellular cAMP-activated cation channel activity (GO:0005222),1/9,0.399904220522853,0.999995947024096,0,0,2.14258166969147,1.9637408260349072,CNGA2
94,GO_Molecular_Function_2021,single-stranded DNA exodeoxyribonuclease activity (GO:0008297),1/9,0.399904220522853,0.999995947024096,0,0,2.14258166969147,1.9637408260349072,EXO1
95,GO_Molecular_Function_2021,natural killer cell lectin-like receptor binding (GO:0046703),1/9,0.399904220522853,0.999995947024096,0,0,2.14258166969147,1.9637408260349072,ULBP1
96,GO_Molecular_Function_2021,clathrin heavy chain binding (GO:0032050),1/9,0.399904220522853,0.999995947024096,0,0,2.14258166969147,1.9637408260349072,CEMIP
97,GO_Molecular_Function_2021,flap endonuclease activity (GO:0048256),1/9,0.399904220522853,0.999995947024096,0,0,2.14258166969147,1.9637408260349072,EXO1
98,GO_Molecular_Function_2021,RAGE receptor binding (GO:0050786),1/9,0.399904220522853,0.999995947024096,0,0,2.14258166969147,1.9637408260349072,S100A7
99,GO_Molecular_Function_2021,retinal binding (GO:0016918),1/9,0.399904220522853,0.999995947024096,0,0,2.14258166969147,1.9637408260349072,OPN5
100,GO_Molecular_Function_2021,inward rectifier potassium channel activity (GO:0005242),2/25,0.4045877095662135,0.999995947024096,0,0,1.4906606642182996,1.3488790561630166,KCNJ6;KCNJ3
101,GO_Molecular_Function_2021,NF-kappaB binding (GO:0051059),2/25,0.4045877095662135,0.999995947024096,0,0,1.4906606642182996,1.3488790561630166,CDKN2A;FOXP3
102,GO_Molecular_Function_2021,activin receptor binding (GO:0070697),1/10,0.4330143424497985,0.999995947024096,0,0,1.9044162129461584,1.5939667148334422,INHBA
103,GO_Molecular_Function_2021,benzodiazepine receptor activity (GO:0008503),1/10,0.4330143424497985,0.999995947024096,0,0,1.9044162129461584,1.5939667148334422,GABRA5
104,GO_Molecular_Function_2021,calcium:sodium antiporter activity (GO:0005432),1/10,0.4330143424497985,0.999995947024096,0,0,1.9044162129461584,1.5939667148334422,SLC24A2
105,GO_Molecular_Function_2021,cAMP-dependent protein kinase regulator activity (GO:0008603),1/10,0.4330143424497985,0.999995947024096,0,0,1.9044162129461584,1.5939667148334422,CXCL10
106,GO_Molecular_Function_2021,co-SMAD binding (GO:0070410),1/10,0.4330143424497985,0.999995947024096,0,0,1.9044162129461584,1.5939667148334422,GATA4
107,GO_Molecular_Function_2021,cyclin-dependent protein serine/threonine kinase inhibitor activity (GO:0004861),1/10,0.4330143424497985,0.999995947024096,0,0,1.9044162129461584,1.5939667148334422,CDKN2A
108,GO_Molecular_Function_2021,damaged DNA binding (GO:0003684),3/44,0.440462839674298,0.999995947024096,0,0,1.254279379157428,1.0284202836482728,POLQ;NEIL3;AUNIP
109,GO_Molecular_Function_2021,double-stranded DNA binding (GO:0003690),37/651,0.4489872745428075,0.999995947024096,0,0,1.0335312379683557,0.8276112321249233,ONECUT2;UHRF1;GATA5;GATA4;HOXC13;HOXC12;ASCL1;HOXB13;HOXC11;DMBX1;NEUROD2;GBX2;SIX3;MYBL2;PITX1;MNX1;NKX3-2;E2F7;E2F8;FOXD3;DMRT1;PAX6;H1-1;MAFA;FOXP3;H1-3;PAX1;H1-5;H1-4;NEIL3;LIN28B;HOXB9;H1-6;TLX3;ZFP42;ZSCAN4;HMX2
110,GO_Molecular_Function_2021,ligand-gated cation channel activity (GO:0099094),5/80,0.4534770591025979,0.999995947024096,0,0,1.142805100182149,0.9037423835631792,GRIA2;KCNJ6;TRPM8;TRPM5;KCNJ3
111,GO_Molecular_Function_2021,cation channel activity (GO:0005261),6/98,0.4567984813310018,0.999995947024096,0,0,1.1179699575918514,0.875943934148915,KCNG1;SLC24A2;KCNF1;TRPA1;TRPM8;TRPM5
112,GO_Molecular_Function_2021,calcium ion binding (GO:0005509),20/348,0.4574890410840199,0.999995947024096,0,0,1.045481161182803,0.8175687233241826,RET;PNLIPRP2;AOC1;CALML5;SYT1;DMP1;SYT13;DSPP;CDH7;COMP;S100A7A;GJB2;MMP13;MELK;CDH2;S100P;S100A14;PRSS2;PVALB;S100A7
113,GO_Molecular_Function_2021,hyaluronic acid binding (GO:0005540),1/11,0.4642991830993185,0.999995947024096,0,0,1.7138838475499092,1.3149364945605293,CEMIP
114,GO_Molecular_Function_2021,intracellular cyclic nucleotide activated cation channel activity (GO:0005221),1/11,0.4642991830993185,0.999995947024096,0,0,1.7138838475499092,1.3149364945605293,CNGA2
115,GO_Molecular_Function_2021,intracellular ligand-gated ion channel activity (GO:0005217),1/11,0.4642991830993185,0.999995947024096,0,0,1.7138838475499092,1.3149364945605293,TRPA1
116,GO_Molecular_Function_2021,amino acid:sodium symporter activity (GO:0005283),1/11,0.4642991830993185,0.999995947024096,0,0,1.7138838475499092,1.3149364945605293,SLC1A1
117,GO_Molecular_Function_2021,transaminase activity (GO:0008483),1/11,0.4642991830993185,0.999995947024096,0,0,1.7138838475499092,1.3149364945605293,AGXT
118,GO_Molecular_Function_2021,cGMP binding (GO:0030553),1/11,0.4642991830993185,0.999995947024096,0,0,1.7138838475499092,1.3149364945605293,CNGA2
119,GO_Molecular_Function_2021,DNA-(apurinic or apyrimidinic site) endonuclease activity (GO:0003906),1/11,0.4642991830993185,0.999995947024096,0,0,1.7138838475499092,1.3149364945605293,NEIL3
120,GO_Molecular_Function_2021,extracellular ligand-gated ion channel activity (GO:0005230),1/11,0.4642991830993185,0.999995947024096,0,0,1.7138838475499092,1.3149364945605293,GABRA5
121,GO_Molecular_Function_2021,potassium:proton antiporter activity (GO:0015386),1/11,0.4642991830993185,0.999995947024096,0,0,1.7138838475499092,1.3149364945605293,SLC9A4
122,GO_Molecular_Function_2021,kinesin binding (GO:0019894),2/29,0.4804801708432711,0.999995947024096,0,0,1.2695529316782723,0.9305433479942652,KIF18B;FAM83D
123,GO_Molecular_Function_2021,dicarboxylic acid transmembrane transporter activity (GO:0005310),2/29,0.4804801708432711,0.999995947024096,0,0,1.2695529316782723,0.9305433479942652,SLC1A1;SLC1A6
124,GO_Molecular_Function_2021,RNA polymerase II CTD heptapeptide repeat kinase activity (GO:0008353),1/12,0.4938592792945523,0.999995947024096,0,0,1.5579937304075235,1.0991718403283195,CDK1
125,GO_Molecular_Function_2021,sodium:proton antiporter activity (GO:0015385),1/12,0.4938592792945523,0.999995947024096,0,0,1.5579937304075235,1.0991718403283195,SLC9A4
126,GO_Molecular_Function_2021,caspase binding (GO:0089720),1/12,0.4938592792945523,0.999995947024096,0,0,1.5579937304075235,1.0991718403283195,MAGEA3
127,GO_Molecular_Function_2021,voltage-gated potassium channel activity involved in ventricular cardiac muscle cell action potential repolarization (GO:1902282),1/12,0.4938592792945523,0.999995947024096,0,0,1.5579937304075235,1.0991718403283195,KCNJ3
128,GO_Molecular_Function_2021,cytidine deaminase activity (GO:0004126),1/12,0.4938592792945523,0.999995947024096,0,0,1.5579937304075235,1.0991718403283195,APOBEC3B
129,GO_Molecular_Function_2021,dynactin binding (GO:0034452),1/12,0.4938592792945523,0.999995947024096,0,0,1.5579937304075235,1.0991718403283195,BICDL1
130,GO_Molecular_Function_2021,"exodeoxyribonuclease activity, producing 5'-phosphomonoesters (GO:0016895)",1/12,0.4938592792945523,0.999995947024096,0,0,1.5579937304075235,1.0991718403283195,EXO1
131,GO_Molecular_Function_2021,hexosaminidase activity (GO:0015929),1/12,0.4938592792945523,0.999995947024096,0,0,1.5579937304075235,1.0991718403283195,CEMIP
132,GO_Molecular_Function_2021,transmitter-gated ion channel activity involved in regulation of postsynaptic membrane potential (GO:1904315),2/30,0.4985109260539437,0.999995947024096,0,0,1.224146879460231,0.8521650880429291,CHRND;GABRA5
133,GO_Molecular_Function_2021,kinase activator activity (GO:0019209),2/31,0.516135068082939,0.999995947024096,0,0,1.181872279119296,0.7816747103983679,TPX2;EPO
134,GO_Molecular_Function_2021,acylglycerol lipase activity (GO:0047372),1/13,0.5217896351623155,0.999995947024096,0,0,1.4280852994555353,0.9289563062088442,PNLIPRP2
135,GO_Molecular_Function_2021,BMP receptor binding (GO:0070700),1/13,0.5217896351623155,0.999995947024096,0,0,1.4280852994555353,0.9289563062088442,BMP8A
136,GO_Molecular_Function_2021,monovalent cation:proton antiporter activity (GO:0005451),1/13,0.5217896351623155,0.999995947024096,0,0,1.4280852994555353,0.9289563062088442,SLC9A4
137,GO_Molecular_Function_2021,cysteine-type endopeptidase activity involved in execution phase of apoptosis (GO:0097200),1/13,0.5217896351623155,0.999995947024096,0,0,1.4280852994555353,0.9289563062088442,CASP14
138,GO_Molecular_Function_2021,GABA-gated chloride ion channel activity (GO:0022851),1/13,0.5217896351623155,0.999995947024096,0,0,1.4280852994555353,0.9289563062088442,GABRA5
139,GO_Molecular_Function_2021,potassium ion transmembrane transporter activity (GO:0015079),2/32,0.5333425753852282,0.999995947024096,0,0,1.1424159854677567,0.718112784546934,KCNG1;KCNF1
140,GO_Molecular_Function_2021,5'-3' exonuclease activity (GO:0008409),1/14,0.5481800262382279,0.999995947024096,0,0,1.3181627809576992,0.7924155738141718,EXO1
141,GO_Molecular_Function_2021,5'-nucleotidase activity (GO:0008253),1/14,0.5481800262382279,0.999995947024096,0,0,1.3181627809576992,0.7924155738141718,NT5DC4
142,GO_Molecular_Function_2021,inhibitory extracellular ligand-gated ion channel activity (GO:0005237),1/14,0.5481800262382279,0.999995947024096,0,0,1.3181627809576992,0.7924155738141718,GABRA5
143,GO_Molecular_Function_2021,lipid phosphatase activity (GO:0042577),1/14,0.5481800262382279,0.999995947024096,0,0,1.3181627809576992,0.7924155738141718,PLPPR5
144,GO_Molecular_Function_2021,arylsulfatase activity (GO:0004065),1/14,0.5481800262382279,0.999995947024096,0,0,1.3181627809576992,0.7924155738141718,SULF1
145,GO_Molecular_Function_2021,translation elongation factor activity (GO:0003746),1/14,0.5481800262382279,0.999995947024096,0,0,1.3181627809576992,0.7924155738141718,EEF1A2
146,GO_Molecular_Function_2021,metal ion:proton antiporter activity (GO:0051139),1/14,0.5481800262382279,0.999995947024096,0,0,1.3181627809576992,0.7924155738141718,SLC9A4
147,GO_Molecular_Function_2021,"endodeoxyribonuclease activity, producing 5'-phosphomonoesters (GO:0016888)",1/14,0.5481800262382279,0.999995947024096,0,0,1.3181627809576992,0.7924155738141718,EXO1
148,GO_Molecular_Function_2021,DNA secondary structure binding (GO:0000217),2/33,0.5501257654833872,0.999995947024096,0,0,1.1055052591485746,0.660659187522386,NEIL3;CLSPN
149,GO_Molecular_Function_2021,potassium channel activity (GO:0005267),5/91,0.5682325658090331,0.999995947024096,0,0,0.9960499004532554,0.5629918041843265,KCNG1;KCNF1;KCNG3;LRRC52;KCNH1
150,GO_Molecular_Function_2021,endopeptidase activity (GO:0004175),17/315,0.5723522384407843,0.999995947024096,0,0,0.97699519201058,0.5451639772588248,ADAMDEC1;PRSS1;MMP1;PRSS48;PRSS33;MMP10;ADAMTS20;CASP14;F7;MMP11;ADAMTS14;MMP13;PROC;ESPL1;ADAMTS19;PRSS2;CORIN
151,GO_Molecular_Function_2021,sodium-independent organic anion transmembrane transporter activity (GO:0015347),1/15,0.57311528692086,0.999995947024096,0,0,1.2239434793881254,0.6813306383993923,SLCO5A1
152,GO_Molecular_Function_2021,voltage-gated potassium channel activity involved in cardiac muscle cell action potential repolarization (GO:0086008),1/15,0.57311528692086,0.999995947024096,0,0,1.2239434793881254,0.6813306383993923,KCNJ3
153,GO_Molecular_Function_2021,nucleotide diphosphatase activity (GO:0004551),1/15,0.57311528692086,0.999995947024096,0,0,1.2239434793881254,0.6813306383993923,CILP2
154,GO_Molecular_Function_2021,cysteine-type endopeptidase activity involved in apoptotic process (GO:0097153),1/15,0.57311528692086,0.999995947024096,0,0,1.2239434793881254,0.6813306383993923,CASP14
155,GO_Molecular_Function_2021,heparan sulfate sulfotransferase activity (GO:0034483),1/15,0.57311528692086,0.999995947024096,0,0,1.2239434793881254,0.6813306383993923,HS6ST3
156,GO_Molecular_Function_2021,ubiquitin conjugating enzyme activity (GO:0061631),2/35,0.5823988157408472,0.999995947024096,0,0,1.038394847659153,0.5613560630749512,UBE2C;UBE2T
157,GO_Molecular_Function_2021,1-phosphatidylinositol-3-kinase regulator activity (GO:0046935),1/16,0.5966755821764589,0.999995947024096,0,0,1.1422867513611614,0.5898560050908457,CCKBR
158,GO_Molecular_Function_2021,"hydrolase activity, hydrolyzing N-glycosyl compounds (GO:0016799)",1/16,0.5966755821764589,0.999995947024096,0,0,1.1422867513611614,0.5898560050908457,NEIL3
159,GO_Molecular_Function_2021,transmembrane receptor protein serine/threonine kinase binding (GO:0070696),1/16,0.5966755821764589,0.999995947024096,0,0,1.1422867513611614,0.5898560050908457,BMP8A
160,GO_Molecular_Function_2021,tropomyosin binding (GO:0005523),1/16,0.5966755821764589,0.999995947024096,0,0,1.1422867513611614,0.5898560050908457,TNNT1
161,GO_Molecular_Function_2021,chloride transmembrane transporter activity (GO:0015108),1/16,0.5966755821764589,0.999995947024096,0,0,1.1422867513611614,0.5898560050908457,SLC1A1
162,GO_Molecular_Function_2021,nucleotidase activity (GO:0008252),1/16,0.5966755821764589,0.999995947024096,0,0,1.1422867513611614,0.5898560050908457,NT5DC4
163,GO_Molecular_Function_2021,organic cation transmembrane transporter activity (GO:0015101),1/16,0.5966755821764589,0.999995947024096,0,0,1.1422867513611614,0.5898560050908457,SLC44A4
164,GO_Molecular_Function_2021,protein serine/threonine kinase activator activity (GO:0043539),2/37,0.6129313497279363,0.999995947024096,0,0,0.978954197482808,0.4792003703944622,TCL1A;CKS2
165,GO_Molecular_Function_2021,ionotropic glutamate receptor activity (GO:0004970),1/17,0.6189366644544897,0.999995947024096,0,0,1.070837114337568,0.5137366013703448,GRIA2
166,GO_Molecular_Function_2021,sulfuric ester hydrolase activity (GO:0008484),1/17,0.6189366644544897,0.999995947024096,0,0,1.070837114337568,0.5137366013703448,SULF1
167,GO_Molecular_Function_2021,transmembrane-ephrin receptor activity (GO:0005005),1/17,0.6189366644544897,0.999995947024096,0,0,1.070837114337568,0.5137366013703448,EPHA8
168,GO_Molecular_Function_2021,calcium-release channel activity (GO:0015278),1/17,0.6189366644544897,0.999995947024096,0,0,1.070837114337568,0.5137366013703448,TRPA1
169,GO_Molecular_Function_2021,ephrin receptor activity (GO:0005003),1/17,0.6189366644544897,0.999995947024096,0,0,1.070837114337568,0.5137366013703448,EPHA8
170,GO_Molecular_Function_2021,G protein-coupled chemoattractant receptor activity (GO:0001637),1/17,0.6189366644544897,0.999995947024096,0,0,1.070837114337568,0.5137366013703448,CCR8
171,GO_Molecular_Function_2021,glutamate receptor binding (GO:0035254),1/17,0.6189366644544897,0.999995947024096,0,0,1.070837114337568,0.5137366013703448,SYNDIG1
172,GO_Molecular_Function_2021,cytokine activity (GO:0005125),9/173,0.6193861705721025,0.999995947024096,0,0,0.939698800552905,0.4501404760299786,CXCL10;CXCL11;CXCL9;CCL11;EPO;BMP8A;INHBA;CXCL13;IFNL4
173,GO_Molecular_Function_2021,voltage-gated cation channel activity (GO:0022843),5/97,0.6253088382780362,0.999995947024096,0,0,0.9307931416805258,0.4370163249862032,KCNG1;KCNF1;KCNG3;LRRC52;KCNH1
174,GO_Molecular_Function_2021,ubiquitin-like protein conjugating enzyme activity (GO:0061650),2/38,0.6275446578608165,0.999995947024096,0,0,0.951710566151983,0.4434404424226446,UBE2C;UBE2T
175,GO_Molecular_Function_2021,ligand-gated anion channel activity (GO:0099095),1/18,0.6399701163154148,0.999995947024096,0,0,1.0077933169638091,0.4498122177272404,GABRA5
176,GO_Molecular_Function_2021,"oxidoreductase activity, acting on single donors with incorporation of molecular oxygen, incorporation of two atoms of oxygen (GO:0016702)",1/18,0.6399701163154148,0.999995947024096,0,0,1.0077933169638091,0.4498122177272404,TDO2
177,GO_Molecular_Function_2021,retinoic acid receptor binding (GO:0042974),1/18,0.6399701163154148,0.999995947024096,0,0,1.0077933169638091,0.4498122177272404,PRAME
178,GO_Molecular_Function_2021,regulatory RNA binding (GO:0061980),2/40,0.655476051953673,0.999995947024096,0,0,0.9015249294899372,0.3807982797344538,SOX2;TEX19
179,GO_Molecular_Function_2021,"hydrolase activity, acting on carbon-nitrogen (but not peptide) bonds, in cyclic amidines (GO:0016814)",1/19,0.6598435794842474,0.999995947024096,0,0,0.9517543859649122,0.3956942394938353,APOBEC3B
180,GO_Molecular_Function_2021,single-stranded DNA helicase activity (GO:0017116),1/19,0.6598435794842474,0.999995947024096,0,0,0.9517543859649122,0.3956942394938353,POLQ
181,GO_Molecular_Function_2021,calcium activated cation channel activity (GO:0005227),1/19,0.6598435794842474,0.999995947024096,0,0,0.9517543859649122,0.3956942394938353,TRPM5
182,GO_Molecular_Function_2021,NAD-retinol dehydrogenase activity (GO:0004745),1/19,0.6598435794842474,0.999995947024096,0,0,0.9517543859649122,0.3956942394938353,HSD17B6
183,GO_Molecular_Function_2021,nucleotidyltransferase activity (GO:0016779),1/19,0.6598435794842474,0.999995947024096,0,0,0.9517543859649122,0.3956942394938353,TERT
184,GO_Molecular_Function_2021,phosphatidylinositol 3-kinase regulator activity (GO:0035014),1/19,0.6598435794842474,0.999995947024096,0,0,0.9517543859649122,0.3956942394938353,CCKBR
185,GO_Molecular_Function_2021,R-SMAD binding (GO:0070412),1/19,0.6598435794842474,0.999995947024096,0,0,0.9517543859649122,0.3956942394938353,PAX6
186,GO_Molecular_Function_2021,E-box binding (GO:0070888),2/41,0.6688015952352505,0.999995947024096,0,0,0.8783623279536086,0.3533369093713808,NEUROD2;ASCL1
187,GO_Molecular_Function_2021,transcription coactivator binding (GO:0001223),1/20,0.6786209722040802,0.999995947024096,0,0,0.9016142898080046,0.3495491178912453,TERT
188,GO_Molecular_Function_2021,zinc ion transmembrane transporter activity (GO:0005385),1/20,0.6786209722040802,0.999995947024096,0,0,0.9016142898080046,0.3495491178912453,SLC30A8
189,GO_Molecular_Function_2021,endodeoxyribonuclease activity (GO:0004520),1/20,0.6786209722040802,0.999995947024096,0,0,0.9016142898080046,0.3495491178912453,EXO1
190,GO_Molecular_Function_2021,CCR chemokine receptor binding (GO:0048020),2/42,0.6817068213596129,0.999995947024096,0,0,0.8563578564940962,0.3281183034112833,CCL11;CXCL13
191,GO_Molecular_Function_2021,protein kinase activator activity (GO:0030295),3/63,0.6826445578634934,0.999995947024096,0,0,0.8562272727272727,0.3268912769733708,TPX2;TCL1A;EPO
192,GO_Molecular_Function_2021,chloride channel activity (GO:0005254),3/64,0.6929486951382496,0.999995947024096,0,0,0.8421460506706409,0.308898594955841,GABRQ;GABRA5;GABRD
193,GO_Molecular_Function_2021,"steroid dehydrogenase activity, acting on the CH-OH group of donors, NAD or NADP as acceptor (GO:0033764)",1/21,0.6963626935037607,0.999995947024096,0,0,0.8564882032667877,0.3099499276927063,HSD17B6
194,GO_Molecular_Function_2021,N-acetyltransferase activity (GO:0008080),1/21,0.6963626935037607,0.999995947024096,0,0,0.8564882032667877,0.3099499276927063,NAT1
195,GO_Molecular_Function_2021,cysteine-type endopeptidase inhibitor activity involved in apoptotic process (GO:0043027),1/21,0.6963626935037607,0.999995947024096,0,0,0.8564882032667877,0.3099499276927063,BIRC5
196,GO_Molecular_Function_2021,DNA-directed DNA polymerase activity (GO:0003887),1/21,0.6963626935037607,0.999995947024096,0,0,0.8564882032667877,0.3099499276927063,POLQ
197,GO_Molecular_Function_2021,ephrin receptor binding (GO:0046875),1/21,0.6963626935037607,0.999995947024096,0,0,0.8564882032667877,0.3099499276927063,EFNA2
198,GO_Molecular_Function_2021,fibroblast growth factor binding (GO:0017134),1/21,0.6963626935037607,0.999995947024096,0,0,0.8564882032667877,0.3099499276927063,CXCL13
199,GO_Molecular_Function_2021,postsynaptic neurotransmitter receptor activity (GO:0098960),1/21,0.6963626935037607,0.999995947024096,0,0,0.8564882032667877,0.3099499276927063,CHRNA6
200,GO_Molecular_Function_2021,pyridoxal phosphate binding (GO:0030170),1/21,0.6963626935037607,0.999995947024096,0,0,0.8564882032667877,0.3099499276927063,AGXT
201,GO_Molecular_Function_2021,syntaxin-1 binding (GO:0017075),1/22,0.7131258169237722,0.999995947024096,0,0,0.8156598392533057,0.2757724813859052,SYT1
202,GO_Molecular_Function_2021,telomerase RNA binding (GO:0070034),1/22,0.7131258169237722,0.999995947024096,0,0,0.8156598392533057,0.2757724813859052,TERT
203,GO_Molecular_Function_2021,bHLH transcription factor binding (GO:0043425),1/22,0.7131258169237722,0.999995947024096,0,0,0.8156598392533057,0.2757724813859052,ASCL1
204,GO_Molecular_Function_2021,voltage-gated sodium channel activity (GO:0005248),1/22,0.7131258169237722,0.999995947024096,0,0,0.8156598392533057,0.2757724813859052,SCN1A
205,GO_Molecular_Function_2021,protein tyrosine/serine/threonine phosphatase activity (GO:0008138),1/22,0.7131258169237722,0.999995947024096,0,0,0.8156598392533057,0.2757724813859052,CDKN3
206,GO_Molecular_Function_2021,copper ion binding (GO:0005507),2/45,0.7179615716020835,0.999995947024096,0,0,0.7964852248484464,0.2639068033472204,AOC1;TYR
207,GO_Molecular_Function_2021,low-density lipoprotein particle receptor binding (GO:0050750),1/23,0.7289642737745002,0.999995947024096,0,0,0.7785431446955948,0.2461212766906426,SYT1
208,GO_Molecular_Function_2021,triglyceride lipase activity (GO:0004806),1/23,0.7289642737745002,0.999995947024096,0,0,0.7785431446955948,0.2461212766906426,PNLIPRP2
209,GO_Molecular_Function_2021,C-C chemokine receptor activity (GO:0016493),1/23,0.7289642737745002,0.999995947024096,0,0,0.7785431446955948,0.2461212766906426,CCR8
210,GO_Molecular_Function_2021,carboxy-lyase activity (GO:0016831),1/23,0.7289642737745002,0.999995947024096,0,0,0.7785431446955948,0.2461212766906426,GAD1
211,GO_Molecular_Function_2021,cyclin-dependent protein kinase activity (GO:0097472),1/23,0.7289642737745002,0.999995947024096,0,0,0.7785431446955948,0.2461212766906426,CDK1
212,GO_Molecular_Function_2021,cyclin-dependent protein serine/threonine kinase activity (GO:0004693),1/23,0.7289642737745002,0.999995947024096,0,0,0.7785431446955948,0.2461212766906426,CDK1
213,GO_Molecular_Function_2021,disordered domain specific binding (GO:0097718),1/23,0.7289642737745002,0.999995947024096,0,0,0.7785431446955948,0.2461212766906426,FN1
214,GO_Molecular_Function_2021,DNA replication origin binding (GO:0003688),1/23,0.7289642737745002,0.999995947024096,0,0,0.7785431446955948,0.2461212766906426,MCM10
215,GO_Molecular_Function_2021,fibroblast growth factor receptor binding (GO:0005104),1/23,0.7289642737745002,0.999995947024096,0,0,0.7785431446955948,0.2461212766906426,FGF5
216,GO_Molecular_Function_2021,channel activity (GO:0015267),2/46,0.7292493603476209,0.999995947024096,0,0,0.7783420031376435,0.2457533517712916,TRPA1;TRPM5
217,GO_Molecular_Function_2021,sequence-specific double-stranded DNA binding (GO:1990837),36/712,0.730942982574775,0.999995947024096,0,0,0.9094180997432384,0.2850296584796362,ONECUT2;GATA5;GATA4;MCM10;HOXC13;HOXC12;ASCL1;HOXB13;HOXC11;SOX2;DMBX1;NEUROD2;GBX2;SIX3;ZBED2;MYBL2;PITX1;MNX1;NKX3-2;E2F7;E2F8;FOXD3;DMRT1;FOXJ1;SOX11;PAX6;MAFA;FOXP3;PAX1;LIN28B;HOXB9;TLX3;ZFP42;ZSCAN4;KIF2C;HMX2
218,GO_Molecular_Function_2021,anion channel activity (GO:0005253),3/68,0.7316360045213004,0.999995947024096,0,0,0.7901538461538462,0.246901071359144,GABRQ;GABRA5;GABRD
219,GO_Molecular_Function_2021,C-C chemokine binding (GO:0019957),1/24,0.7439290253748087,0.999995947024096,0,0,0.7446539887950762,0.220275831850754,CCR8
220,GO_Molecular_Function_2021,cell adhesion mediator activity (GO:0098631),1/24,0.7439290253748087,0.999995947024096,0,0,0.7446539887950762,0.220275831850754,NTNG1
221,GO_Molecular_Function_2021,"phosphotransferase activity, phosphate group as acceptor (GO:0016776)",1/24,0.7439290253748087,0.999995947024096,0,0,0.7446539887950762,0.220275831850754,ITPKA
222,GO_Molecular_Function_2021,gap junction channel activity (GO:0005243),1/24,0.7439290253748087,0.999995947024096,0,0,0.7446539887950762,0.220275831850754,GJB2
223,GO_Molecular_Function_2021,bitter taste receptor activity (GO:0033038),1/25,0.7580682270360874,0.999995947024096,0,0,0.7135889292196007,0.1976512089481542,TAS2R30
224,GO_Molecular_Function_2021,wide pore channel activity (GO:0022829),1/25,0.7580682270360874,0.999995947024096,0,0,0.7135889292196007,0.1976512089481542,GJB2
225,GO_Molecular_Function_2021,histone deacetylase binding (GO:0042826),4/93,0.7612801761373057,0.999995947024096,0,0,0.7691568432998334,0.2097904675719294,TOP2A;H1-5;MAGEA1;FOXP3
226,GO_Molecular_Function_2021,endopeptidase inhibitor activity (GO:0004866),5/115,0.7668054259868281,0.999995947024096,0,0,0.7777363801953966,0.2065062682282347,PTTG1;A2ML1;SERPINB7;CST5;CST4
227,GO_Molecular_Function_2021,calcium-dependent phospholipid binding (GO:0005544),2/50,0.7706253605036952,0.999995947024096,0,0,0.7133287920072662,0.185859911987291,SYT1;SYT13
228,GO_Molecular_Function_2021,sequence-specific DNA binding (GO:0043565),35/707,0.7713760135342385,0.999995947024096,0,0,0.8887816011235955,0.2307093311226892,ONECUT2;UHRF1;GATA5;GATA4;HOXC13;HOXC12;ASCL1;HOXB13;HOXC11;SOX2;DMBX1;NEUROD2;TERT;GBX2;SIX3;MAEL;MYBL2;PITX1;MNX1;NKX3-2;E2F7;E2F8;FOXD3;FOXD1;DMRT1;PAX6;MAFA;FOXP3;PAX1;LIN28B;HOXB9;TLX3;ZFP42;ZSCAN4;HMX2
229,GO_Molecular_Function_2021,ion gated channel activity (GO:0022839),1/26,0.7714273822142508,0.999995947024096,0,0,0.6850090744101633,0.1777685798113873,TRPM5
230,GO_Molecular_Function_2021,chemokine receptor activity (GO:0004950),1/26,0.7714273822142508,0.999995947024096,0,0,0.6850090744101633,0.1777685798113873,CCR8
231,GO_Molecular_Function_2021,inorganic cation transmembrane transporter activity (GO:0022890),2/51,0.7800682732217561,0.999995947024096,0,0,0.69873398950861,0.1735472394714496,TRPM8;TRPM5
232,GO_Molecular_Function_2021,protease binding (GO:0002020),5/118,0.7859040638193276,0.999995947024096,0,0,0.7569676161000694,0.182369054563421,COMP;FN1;A2ML1;MAGEA3;CD177
233,GO_Molecular_Function_2021,sodium ion transmembrane transporter activity (GO:0015081),1/28,0.7959751747732817,0.999995947024096,0,0,0.6342004436378302,0.1447164749028609,SLC9A4
234,GO_Molecular_Function_2021,lipoprotein particle receptor binding (GO:0070325),1/28,0.7959751747732817,0.999995947024096,0,0,0.6342004436378302,0.1447164749028609,SYT1
235,GO_Molecular_Function_2021,"endoribonuclease activity, producing 5'-phosphomonoesters (GO:0016891)",1/28,0.7959751747732817,0.999995947024096,0,0,0.6342004436378302,0.1447164749028609,EXO1
236,GO_Molecular_Function_2021,L-amino acid transmembrane transporter activity (GO:0015179),2/53,0.797934959261069,0.999995947024096,0,0,0.671261420099375,0.1515226250666736,SLC1A1;SLC1A6
237,GO_Molecular_Function_2021,transcription coregulator binding (GO:0001221),2/53,0.797934959261069,0.999995947024096,0,0,0.671261420099375,0.1515226250666736,TERT;SIX3
238,GO_Molecular_Function_2021,pyrophosphatase activity (GO:0016462),2/54,0.8063768618249645,0.999995947024096,0,0,0.6583176133584853,0.1416726332036637,PLPP4;CILP2
239,GO_Molecular_Function_2021,5'-3' RNA polymerase activity (GO:0034062),1/29,0.8072428331602853,0.999995947024096,0,0,0.6115180191858958,0.1309448105427672,TERT
240,GO_Molecular_Function_2021,transcription corepressor binding (GO:0001222),1/29,0.8072428331602853,0.999995947024096,0,0,0.6115180191858958,0.1309448105427672,SIX3
241,GO_Molecular_Function_2021,metallocarboxypeptidase activity (GO:0004181),1/29,0.8072428331602853,0.999995947024096,0,0,0.6115180191858958,0.1309448105427672,CPA6
242,GO_Molecular_Function_2021,pre-mRNA binding (GO:0036002),1/29,0.8072428331602853,0.999995947024096,0,0,0.6115180191858958,0.1309448105427672,CELF3
243,GO_Molecular_Function_2021,hormone activity (GO:0005179),3/78,0.8115287661298297,0.999995947024096,0,0,0.6844363636363636,0.1429345722729282,SCT;INHBA;AMH
244,GO_Molecular_Function_2021,ligand-gated channel activity (GO:0022834),1/30,0.8178887406251768,0.999995947024096,0,0,0.5903998998685775,0.1186874811230034,GRIA2
245,GO_Molecular_Function_2021,transition metal ion transmembrane transporter activity (GO:0046915),1/30,0.8178887406251768,0.999995947024096,0,0,0.5903998998685775,0.1186874811230034,SLC30A8
246,GO_Molecular_Function_2021,miRNA binding (GO:0035198),1/30,0.8178887406251768,0.999995947024096,0,0,0.5903998998685775,0.1186874811230034,SOX2
247,GO_Molecular_Function_2021,neuropeptide receptor activity (GO:0008188),1/30,0.8178887406251768,0.999995947024096,0,0,0.5903998998685775,0.1186874811230034,HCRTR2
248,GO_Molecular_Function_2021,WW domain binding (GO:0050699),1/30,0.8178887406251768,0.999995947024096,0,0,0.5903998998685775,0.1186874811230034,CDC25C
249,GO_Molecular_Function_2021,protein serine/threonine kinase inhibitor activity (GO:0030291),1/30,0.8178887406251768,0.999995947024096,0,0,0.5903998998685775,0.1186874811230034,CDKN2A
250,GO_Molecular_Function_2021,phosphatase activity (GO:0016791),3/79,0.8182894477281856,0.999995947024096,0,0,0.6753947368421053,0.1354430910945229,PLPP4;PLPPR5;CILP2
251,GO_Molecular_Function_2021,protein heterodimerization activity (GO:0046982),8/188,0.8200253595078251,0.999995947024096,0,0,0.7596955859969559,0.1507388080290386,TOP2A;PGLYRP4;NEUROD2;GABBR2;PGLYRP3;SOHLH1;CEACAM6;AURKA
252,GO_Molecular_Function_2021,ligand-gated ion channel activity (GO:0015276),1/31,0.8279471759619101,0.999995947024096,0,0,0.5706896551724138,0.1077495875362053,GRIA2
253,GO_Molecular_Function_2021,taste receptor activity (GO:0008527),1/31,0.8279471759619101,0.999995947024096,0,0,0.5706896551724138,0.1077495875362053,TAS2R30
254,GO_Molecular_Function_2021,DNA binding (GO:0003677),39/811,0.8358434578638487,0.999995947024096,0,0,0.8605650298024855,0.154311301636723,TOP2A;GATA4;MCM10;HOXB13;DMBX1;SOX2;H2AC12;BRIP1;H2AC14;TERT;EXO1;MAEL;CLSPN;H2BC9;POLQ;FOXD1;H2BC3;H2AC4;FOXJ1;PAX6;H1-1;MAFA;FOXP3;H2BC17;H1-3;H2BC18;LENEP;H1-5;H1-4;H2BC13;H2BC14;NEIL3;H1-6;H2BC10;H2AC20;H2BC11;H2AC21;AUNIP;SIM2
255,GO_Molecular_Function_2021,G protein-coupled peptide receptor activity (GO:0008528),3/82,0.8373442290810011,0.999995947024096,0,0,0.6496432681242807,0.1153246909585936,CCKBR;HCRTR2;RXFP3
256,GO_Molecular_Function_2021,acetyltransferase activity (GO:0016407),1/32,0.837450529785889,0.999995947024096,0,0,0.5522510391663251,0.0979655160512441,ESCO2
257,GO_Molecular_Function_2021,amino acid binding (GO:0016597),1/32,0.837450529785889,0.999995947024096,0,0,0.5522510391663251,0.0979655160512441,AGXT
258,GO_Molecular_Function_2021,neutral amino acid transmembrane transporter activity (GO:0015175),1/32,0.837450529785889,0.999995947024096,0,0,0.5522510391663251,0.0979655160512441,SLC1A1
259,GO_Molecular_Function_2021,chemoattractant activity (GO:0042056),1/32,0.837450529785889,0.999995947024096,0,0,0.5522510391663251,0.0979655160512441,CXCL10
260,GO_Molecular_Function_2021,chemokine binding (GO:0019956),1/32,0.837450529785889,0.999995947024096,0,0,0.5522510391663251,0.0979655160512441,CCR8
261,GO_Molecular_Function_2021,cytokine receptor binding (GO:0005126),4/105,0.8375930502843274,0.999995947024096,0,0,0.6773394354904099,0.1200400703112023,IL21;IFNL1;EPO;S100A14
262,GO_Molecular_Function_2021,kinase binding (GO:0019900),21/461,0.845852621470815,0.999995947024096,0,0,0.8141425810788103,0.1362957241710918,CDKN2A;SPDYC;PLK1;KIF14;PAX6;KIF11;CDC25C;FOXM1;AURKB;AURKA;SGO1;CCNA2;TPX2;TCL1A;TRIML2;EEF1A2;CKS2;KIF20A;FAM83D;MYH6;FAM83A
263,GO_Molecular_Function_2021,telomeric DNA binding (GO:0042162),1/33,0.8464294081426126,0.999995947024096,0,0,0.534964836660617,0.0891938705988548,TERT
264,GO_Molecular_Function_2021,ion channel activity (GO:0005216),3/84,0.8490680520645734,0.999995947024096,0,0,0.6335353535353535,0.103656482600976,GRIA2;TRPM8;TRPM5
265,GO_Molecular_Function_2021,calcium channel activity (GO:0005262),3/84,0.8490680520645734,0.999995947024096,0,0,0.6335353535353535,0.103656482600976,SLC24A2;TRPM8;TRPM5
266,GO_Molecular_Function_2021,transmembrane receptor protein kinase activity (GO:0019199),2/60,0.8507189114799142,0.999995947024096,0,0,0.5900278743462056,0.0953918767087802,RET;EPHA8
267,GO_Molecular_Function_2021,transmembrane receptor protein tyrosine kinase activity (GO:0004714),2/60,0.8507189114799142,0.999995947024096,0,0,0.5900278743462056,0.0953918767087802,RET;EPHA8
268,GO_Molecular_Function_2021,protein tyrosine kinase activity (GO:0004713),4/108,0.8531235040382864,0.999995947024096,0,0,0.657695807377336,0.1044756065216833,RET;MELK;EPHA8;TTK
269,GO_Molecular_Function_2021,non-membrane spanning protein tyrosine kinase activity (GO:0004715),1/35,0.8629278259849438,0.999995947024096,0,0,0.5034429379737376,0.0742196839210933,MELK
270,GO_Molecular_Function_2021,growth factor activity (GO:0008083),3/87,0.8652725862702755,0.999995947024096,0,0,0.6108116883116883,0.0883909827427179,FGF5;ARTN;INHBA
271,GO_Molecular_Function_2021,methylation-dependent protein binding (GO:0140034),2/63,0.8692328637723343,0.999995947024096,0,0,0.5609207724721192,0.0786098053159049,UHRF1;CBX2
272,GO_Molecular_Function_2021,cytokine receptor activity (GO:0004896),3/88,0.8703233912768931,0.999995947024096,0,0,0.6035935828877005,0.0838333676192361,IL17REL;IL21R;CCR8
273,GO_Molecular_Function_2021,metal ion binding (GO:0046872),23/517,0.8822775781619657,0.999995947024096,0,0,0.7933517019043335,0.0993661566648086,RET;TOP2A;PNLIPRP2;AOC1;POSTN;CALML5;SYT1;PLK1;DMP1;SYT13;CDH7;DSPP;S100A7A;COMP;GJB2;MMP13;MELK;CDH2;S100P;S100A14;PRSS2;PVALB;S100A7
274,GO_Molecular_Function_2021,sodium channel activity (GO:0005272),1/38,0.8844149156748199,0.999995947024096,0,0,0.4625496640015696,0.056814496415064,SCN1A
275,GO_Molecular_Function_2021,carboxypeptidase activity (GO:0004180),1/38,0.8844149156748199,0.999995947024096,0,0,0.4625496640015696,0.056814496415064,CPA6
276,GO_Molecular_Function_2021,methylated histone binding (GO:0035064),2/68,0.895456197752496,0.999995947024096,0,0,0.5182891586161341,0.0572305111732384,UHRF1;CBX2
277,GO_Molecular_Function_2021,sulfotransferase activity (GO:0008146),1/40,0.8968354329968865,0.999995947024096,0,0,0.4387826329750104,0.0477759244626102,GAL3ST2
278,GO_Molecular_Function_2021,peptidase inhibitor activity (GO:0030414),1/40,0.8968354329968865,0.999995947024096,0,0,0.4387826329750104,0.0477759244626102,A2ML1
279,GO_Molecular_Function_2021,phosphatidylinositol bisphosphate binding (GO:1902936),3/94,0.8972499057870806,0.999995947024096,0,0,0.5636163836163837,0.0611077696154422,AMER2;RLBP1;KCNH1
280,GO_Molecular_Function_2021,transcription regulatory region nucleic acid binding (GO:0001067),8/212,0.9038313933219968,0.999995947024096,0,0,0.6694601128122482,0.0676907507091712,SOX2;ZBED2;GATA5;FOXJ1;SOX11;GATA4;PAX6;HOXC13
281,GO_Molecular_Function_2021,active ion transmembrane transporter activity (GO:0022853),1/42,0.9079223223741892,0.999995947024096,0,0,0.4173343366827498,0.040313016257357,SLCO5A1
282,GO_Molecular_Function_2021,signal sequence binding (GO:0005048),1/42,0.9079223223741892,0.999995947024096,0,0,0.4173343366827498,0.040313016257357,CEMIP
283,GO_Molecular_Function_2021,cell-cell adhesion mediator activity (GO:0098632),1/42,0.9079223223741892,0.999995947024096,0,0,0.4173343366827498,0.040313016257357,NTNG1
284,GO_Molecular_Function_2021,G protein-coupled receptor activity (GO:0004930),11/283,0.9158717856144104,0.999995947024096,0,0,0.6897590767076062,0.0606152662647664,GPR141;GABBR2;GRM4;HTR1E;GPR22;GRM8;GPR52;OPN5;HCRTR2;RXFP3;TRHR
285,GO_Molecular_Function_2021,ubiquitin binding (GO:0043130),2/74,0.9204479737861468,0.999995947024096,0,0,0.4749470178625491,0.0393706377816095,TOP2A;CKS2
286,GO_Molecular_Function_2021,protein tyrosine phosphatase activity (GO:0004725),2/74,0.9204479737861468,0.999995947024096,0,0,0.4749470178625491,0.0393706377816095,CDC25C;CDKN3
287,GO_Molecular_Function_2021,receptor ligand activity (GO:0048018),12/307,0.9204729276134218,0.999995947024096,0,0,0.6935761002967267,0.0574750487607925,FGF5;CXCL10;CXCL9;CCL11;SCT;ARTN;EPO;BMP8A;INHBA;CXCL13;AMH;IFNL4
288,GO_Molecular_Function_2021,ATP hydrolysis activity (GO:0140603),1/45,0.9223608497946332,0.999995947024096,0,0,0.3888178518396304,0.0314237746203669,KIF14
289,GO_Molecular_Function_2021,protein kinase C binding (GO:0005080),1/45,0.9223608497946332,0.999995947024096,0,0,0.3888178518396304,0.0314237746203669,TOP2A
290,GO_Molecular_Function_2021,endopeptidase regulator activity (GO:0061135),1/46,0.9266521964659492,0.999995947024096,0,0,0.3801572897761645,0.0289592328961285,A2ML1
291,GO_Molecular_Function_2021,growth factor receptor binding (GO:0070851),3/105,0.9338761427693356,0.999995947024096,0,0,0.5025401069518717,0.0343795019232862,FGF5;IL21;ESM1
292,GO_Molecular_Function_2021,cation transmembrane transporter activity (GO:0008324),1/48,0.9345369688724392,0.999995947024096,0,0,0.3639417693169093,0.0246403473283169,SLC1A1
293,GO_Molecular_Function_2021,transcription cis-regulatory region binding (GO:0000976),23/549,0.9346501846412508,0.999995947024096,0,0,0.7437913674130404,0.0502676176003289,HMX3;FOXD3;DMRT1;UHRF1;TCF24;GATA5;FOXJ1;SOX11;GATA4;PAX6;HOXC13;ASCL1;FOXM1;SOX2;DMBX1;GBX2;LHX2;ZBED2;SIM2;E2F7;HMX2;NKX2-2;E2F8
294,GO_Molecular_Function_2021,lipase activity (GO:0016298),1/49,0.9381558288122128,0.999995947024096,0,0,0.3563407441016334,0.0227485133674492,PNLIPRP2
295,GO_Molecular_Function_2021,tRNA binding (GO:0000049),1/49,0.9381558288122128,0.999995947024096,0,0,0.3563407441016334,0.0227485133674492,TERT
296,GO_Molecular_Function_2021,exonuclease activity (GO:0004527),1/49,0.9381558288122128,0.999995947024096,0,0,0.3563407441016334,0.0227485133674492,EXO1
297,GO_Molecular_Function_2021,potassium channel regulator activity (GO:0015459),1/50,0.9415747987254022,0.999995947024096,0,0,0.3490499648135116,0.0210133271649981,LRRC52
298,GO_Molecular_Function_2021,kinase activity (GO:0016301),3/112,0.950465114469398,0.999995947024096,0,0,0.470091743119266,0.0238824563109595,CERKL;ITPKA;PKMYT1
299,GO_Molecular_Function_2021,metalloexopeptidase activity (GO:0008235),1/55,0.9560368023970855,0.999995947024096,0,0,0.3166465013107481,0.0142360690278471,CPA6
300,GO_Molecular_Function_2021,calcium ion transmembrane transporter activity (GO:0015085),1/55,0.9560368023970855,0.999995947024096,0,0,0.3166465013107481,0.0142360690278471,SLC24A2
301,GO_Molecular_Function_2021,protein kinase binding (GO:0019901),20/506,0.9569553267501264,0.999995947024096,0,0,0.6995884773662552,0.0307808919843959,TOP2A;CDKN2A;SPDYC;PLK1;KIF14;PAX6;KIF11;CDC25C;FOXM1;AURKA;CCNA2;TPX2;TCL1A;TRIML2;EEF1A2;CKS2;KIF20A;FAM83D;MYH6;FAM83A
302,GO_Molecular_Function_2021,secondary active transmembrane transporter activity (GO:0015291),1/56,0.9584679393310248,0.999995947024096,0,0,0.3108727932684375,0.0131869645758395,SLCO5A1
303,GO_Molecular_Function_2021,organic anion transmembrane transporter activity (GO:0008514),4/144,0.9604392536533536,0.999995947024096,0,0,0.4876381125698687,0.0196832896988877,RTBDN;SLC44A4;SLC1A1;SLCO5A1
304,GO_Molecular_Function_2021,protein phosphatase regulator activity (GO:0019888),1/57,0.9607647433898804,0.999995947024096,0,0,0.3053052890847809,0.0122200591140464,PPP2R2C
305,GO_Molecular_Function_2021,serine-type endopeptidase inhibitor activity (GO:0004867),1/60,0.9669212979052388,0.999995947024096,0,0,0.2897351502660801,0.0097461616119053,SERPINB7
306,GO_Molecular_Function_2021,nuclease activity (GO:0004518),1/60,0.9669212979052388,0.999995947024096,0,0,0.2897351502660801,0.0097461616119053,EXO1
307,GO_Molecular_Function_2021,syntaxin binding (GO:0019905),1/62,0.9704794853966908,0.999995947024096,0,0,0.2802058849781321,0.0083963734837182,SYT1
308,GO_Molecular_Function_2021,protein serine/threonine phosphatase activity (GO:0004722),1/62,0.9704794853966908,0.999995947024096,0,0,0.2802058849781321,0.0083963734837182,CDKN3
309,GO_Molecular_Function_2021,PDZ domain binding (GO:0030165),1/63,0.9721124781467204,0.999995947024096,0,0,0.2756717990749956,0.0077970358194069,KIF14
310,GO_Molecular_Function_2021,single-stranded DNA binding (GO:0003697),2/97,0.9730978417839756,0.999995947024096,0,0,0.3595200535398442,0.0098043437625339,NEIL3;MCM10
311,GO_Molecular_Function_2021,cysteine-type peptidase activity (GO:0008234),2/98,0.9743646205282332,0.999995947024096,0,0,0.3557561307901907,0.0092388770254048,CASP14;ESPL1
312,GO_Molecular_Function_2021,phosphatidylinositol phosphate binding (GO:1901981),2/102,0.9788788900476364,0.999995947024096,0,0,0.3414532243415077,0.0072891221444349,RLBP1;KCNH1
313,GO_Molecular_Function_2021,RNA polymerase II-specific DNA-binding transcription factor binding (GO:0061629),5/190,0.9814817070691764,0.999995947024096,0,0,0.4605917392802638,0.0086093361906591,H2BC9;CDKN2A;GATA4;PITX1;FOXP3
314,GO_Molecular_Function_2021,cysteine-type endopeptidase activity (GO:0004197),2/105,0.981748883691896,0.999995947024096,0,0,0.3314550761443701,0.0061053105516721,CASP14;ESPL1
315,GO_Molecular_Function_2021,phospholipase activity (GO:0004620),1/73,0.9842163133298112,0.999995947024096,0,0,0.2372580157289776,0.0037746743069524,PNLIPRP2
316,GO_Molecular_Function_2021,"phosphatidylinositol-4,5-bisphosphate binding (GO:0005546)",1/75,0.9859150496627744,0.999995947024096,0,0,0.2308211114926178,0.0032742169985625,AMER2
317,GO_Molecular_Function_2021,"acyltransferase activity, transferring groups other than amino-acyl groups (GO:0016747)",1/76,0.9866946213985432,0.999995947024096,0,0,0.2277313974591651,0.0030503910702806,ESCO2
318,GO_Molecular_Function_2021,G protein-coupled receptor binding (GO:0001664),3/143,0.9870478138655172,0.999995947024096,0,0,0.3653961038961039,0.0047635948637024,NPW;SCT;S100A14
319,GO_Molecular_Function_2021,magnesium ion binding (GO:0000287),3/146,0.9886756620967788,0.999995947024096,0,0,0.357673235855054,0.0040735213286007,TOP2A;PLK1;S100P
320,GO_Molecular_Function_2021,amyloid-beta binding (GO:0001540),1/80,0.9894048963601446,0.999995947024096,0,0,0.2161547474097728,0.0023024006911295,GRIA2
321,GO_Molecular_Function_2021,"oxidoreductase activity, acting on the CH-OH group of donors, NAD or NADP as acceptor (GO:0016616)",1/87,0.992888558333066,0.999995947024096,0,0,0.1984868948634617,0.0014165708964175,HSD17B6
322,GO_Molecular_Function_2021,heme binding (GO:0020037),1/91,0.9943376095195392,0.999995947024096,0,0,0.1896249243799153,0.0010767818314791,TDO2
323,GO_Molecular_Function_2021,phosphatidylinositol binding (GO:0035091),1/92,0.9946511693856906,0.999995947024096,0,0,0.1875311621228136,0.0010057646578402,CEACAM5
324,GO_Molecular_Function_2021,carboxylic ester hydrolase activity (GO:0052689),1/96,0.9957411703975064,0.999995947024096,0,0,0.1795969051485337,0.0007665059863792726,PNLIPRP2
325,GO_Molecular_Function_2021,ubiquitin protein ligase activity (GO:0061630),6/263,0.9968828125521884,0.999995947024096,0,0,0.3966956219473697,0.0012385059453612,RNFT2;TRIML2;UHRF1;NEURL1;MKRN3;NCCRP1
326,GO_Molecular_Function_2021,protein serine/threonine kinase activity (GO:0004674),9/344,0.9969379099606246,0.999995947024096,0,0,0.4558323555895113,0.0013979411204456,MELK;SBK1;PLK1;CDK1;NEK2;TTK;PKMYT1;AURKB;AURKA
327,GO_Molecular_Function_2021,DNA-binding transcription factor binding (GO:0140297),4/208,0.9972402334563718,0.999995947024096,0,0,0.3335117486485039,0.000921686972058212,GATA4;HOXC13;ASCL1;PITX1
328,GO_Molecular_Function_2021,actin binding (GO:0003779),3/177,0.9972725566297144,0.999995947024096,0,0,0.2934639498432602,0.0008014998246476457,ANLN;KIF18A;SYNPO2L
329,GO_Molecular_Function_2021,ubiquitin-like protein ligase activity (GO:0061659),6/270,0.9976401953864452,0.999995947024096,0,0,0.3860321538079058,0.0009120369958284378,RNFT2;TRIML2;UHRF1;NEURL1;MKRN3;NCCRP1
330,GO_Molecular_Function_2021,"DNA-binding transcription activator activity, RNA polymerase II-specific (GO:0001228)",8/333,0.9982602136970234,0.999995947024096,0,0,0.4174949069195645,0.0007269845029943535,ONECUT2;SIX3;FOXJ1;SOX11;GATA4;MYBL2;HOXC11;NKX2-2
331,GO_Molecular_Function_2021,phosphatase binding (GO:0019902),1/114,0.9984726374316892,0.999995947024096,0,0,0.1508440004497052,0.0002305696064920168,NEK2
332,GO_Molecular_Function_2021,ubiquitin-like protein ligase binding (GO:0044389),6/282,0.9985452033297412,0.999995947024096,0,0,0.3690103444175815,0.0005372258923886499,H2BC9;UBE2C;UBE2T;SUMO4;ISG15;MAGEC2
333,GO_Molecular_Function_2021,ubiquitin-protein transferase activity (GO:0004842),10/392,0.998590802722766,0.999995947024096,0,0,0.443445438128404,0.0006253428232730979,RNFT2;TRIML2;UHRF1;UBE2C;UBE2T;NEURL1;MKRN3;NCCRP1;MARCHF4;DTL
334,GO_Molecular_Function_2021,"DNA-binding transcription repressor activity, RNA polymerase II-specific (GO:0001227)",5/256,0.9987284101697796,0.999995947024096,0,0,0.3382825709910812,0.00043043040050828,FOXD3;ASCL1;HOXB13;FOXP3;E2F8
335,GO_Molecular_Function_2021,nuclear receptor binding (GO:0016922),1/120,0.9989146533823796,0.999995947024096,0,0,0.1431926672665436,0.0001554980770144744,PRAME
336,GO_Molecular_Function_2021,protein phosphatase binding (GO:0019903),1/123,0.9990850105660528,0.999995947024096,0,0,0.1396492219808991,0.00012783605581448052,NEK2
337,GO_Molecular_Function_2021,small GTPase binding (GO:0031267),2/175,0.9994688970485918,0.999995947024096,0,0,0.19660529313866,0.00010444538953147532,BICDL1;BIRC5
338,GO_Molecular_Function_2021,zinc ion binding (GO:0008270),7/336,0.9994766008055626,0.999995947024096,0,0,0.36045969871098,0.00018871370654273615,ADAMDEC1;AOC1;MMP13;SLC30A8;UHRF1;MYT1;S100A7
339,GO_Molecular_Function_2021,nucleoside-triphosphatase activity (GO:0017111),5/278,0.9995074154903156,0.999995947024096,0,0,0.3106547368842451,0.00015306141218521214,KIF18B;EEF1A2;KIF14;KIF1A;KIF15
340,GO_Molecular_Function_2021,cis-regulatory region sequence-specific DNA binding (GO:0000987),40/1149,0.9996194292370898,0.999995947024096,0,0,0.6035625732164867,0.00022974198826831876,ONECUT2;UHRF1;GATA5;GATA4;HOXC13;HOXB13;ASCL1;HOXC11;SOX2;NEUROD2;SOHLH1;ZNF280A;SALL3;SALL4;SIX3;MYBL2;NKX6-1;PITX1;NKX3-2;E2F7;E2F8;NKX2-2;FOXD3;FOXD1;DMRT1;FOXJ1;SOX11;PAX6;MAFA;MYT1;FOXP3;POU5F2;PAX1;HOXB9;TLX3;TLX1;ZFP42;ZSCAN4;ZNF730;ZNF695
341,GO_Molecular_Function_2021,cadherin binding (GO:0045296),6/322,0.999723342382158,0.999995947024096,0,0,0.3216078372546531,8.898756824614948e-05,ANLN;CCNB2;CDH2;S100P;CIP2A;CDH7
342,GO_Molecular_Function_2021,RNA polymerase II cis-regulatory region sequence-specific DNA binding (GO:0000978),39/1149,0.9997817914646704,0.999995947024096,0,0,0.5873577524893314,0.00012818046042911805,ONECUT2;GATA5;GATA4;HOXC13;HOXB13;ASCL1;HOXC11;SOX2;NEUROD2;SOHLH1;ZNF280A;SALL3;SALL4;SIX3;MYBL2;NKX6-1;PITX1;NKX3-2;E2F7;E2F8;NKX2-2;FOXD3;FOXD1;DMRT1;FOXJ1;SOX11;PAX6;MAFA;MYT1;FOXP3;POU5F2;PAX1;HOXB9;TLX3;TLX1;ZFP42;ZSCAN4;ZNF730;ZNF695
343,GO_Molecular_Function_2021,GTPase binding (GO:0051020),2/201,0.9998612467951616,0.999995947024096,0,0,0.1706808337783376,2.368415585549298e-05,BICDL1;BIRC5
344,GO_Molecular_Function_2021,ATP binding (GO:0005524),4/278,0.9998841426207132,0.999995947024096,0,0,0.2473781739205515,2.866224732164574e-05,KIFC1;PLK1;KIF14;TRIP13
345,GO_Molecular_Function_2021,RNA polymerase II transcription regulatory region sequence-specific DNA binding (GO:0000977),47/1359,0.9998936188510078,0.999995947024096,0,0,0.5965439936714708,6.346441123951351e-05,HMX3;ONECUT2;TCF24;GATA5;GATA4;HOXC13;FOXM1;HOXB13;ASCL1;HOXC11;DMBX1;SOX2;NEUROD2;GBX2;SOHLH1;ZNF280A;SALL3;SALL4;SIX3;MYBL2;NKX6-1;PITX1;NKX3-2;E2F7;E2F8;NKX2-2;FOXD3;FOXD1;DMRT1;FOXJ1;SOX11;PAX6;MAFA;MYT1;FOXP3;POU5F2;PAX1;HOXB9;TLX3;LHX2;TLX1;ZFP42;ZSCAN4;ZNF730;SIM2;HMX2;ZNF695
346,GO_Molecular_Function_2021,guanyl ribonucleotide binding (GO:0032561),2/214,0.999928411023519,0.999995947024096,0,0,0.1601031652185834,1.1462032011826358e-05,TUBB3;CNGA2
347,GO_Molecular_Function_2021,ubiquitin protein ligase binding (GO:0031625),3/265,0.9999590948940452,0.999995947024096,0,0,0.1939798750867453,7.93492963419355e-06,UBE2T;ISG15;MAGEC2
348,GO_Molecular_Function_2021,adenyl ribonucleotide binding (GO:0032559),4/306,0.9999666304915472,0.999995947024096,0,0,0.2241049961132637,7.478398338020302e-06,KIFC1;PLK1;KIF14;TRIP13
349,GO_Molecular_Function_2021,protein homodimerization activity (GO:0042803),15/636,0.9999695670565104,0.999995947024096,0,0,0.4057438192668371,1.2348166619524196e-05,TOP2A;AOC1;SLC30A8;TYRP1;CIP2A;TYR;FOXP3;CENPF;TERT;TRIML2;SOHLH1;CEACAM5;SYNDIG1;S100P;AGXT
350,GO_Molecular_Function_2021,GTP binding (GO:0005525),1/189,0.999975727659346,0.999995947024096,0,0,0.0903048615669768,2.1919369644986673e-06,TUBB3
351,GO_Molecular_Function_2021,transition metal ion binding (GO:0046914),8/445,0.999976491592612,0.999995947024096,0,0,0.3086214643219125,7.255284392373679e-06,ADAMDEC1;AOC1;MMP13;SLC30A8;UHRF1;TYR;MYT1;S100A7
352,GO_Molecular_Function_2021,olfactory receptor activity (GO:0004984),1/209,0.9999898852712358,0.999995947024096,0,0,0.0815344478570431,8.247029958451117e-07,OR1F1
353,GO_Molecular_Function_2021,GTPase activity (GO:0003924),1/216,0.9999920441846152,0.999995947024096,0,0,0.0788502933355843,6.273208722358232e-07,EEF1A2
354,GO_Molecular_Function_2021,RNA binding (GO:0003723),14/1406,0.9999938244566914,0.999995947024096,0,0,0.1616676166049206,9.983884507433835e-07,TOP2A;CDKN2A;DQX1;CELF3;MKI67;H1-3;H1-5;H1-4;LIN28B;MEX3A;TERT;XIRP1;MKRN3;APOBEC3B
355,GO_Molecular_Function_2021,GTPase regulator activity (GO:0030695),1/233,0.9999947232071592,0.999995947024096,0,0,0.0730059765942799,3.852384310321761e-07,IQGAP3
356,GO_Molecular_Function_2021,purine ribonucleoside triphosphate binding (GO:0035639),5/460,0.9999953987958394,0.999995947024096,0,0,0.1845713485057747,8.492524104602029e-07,KIFC1;TUBB3;PLK1;KIF14;TRIP13
357,GO_Molecular_Function_2021,GTPase activator activity (GO:0005096),1/336,0.9999959186369975,0.999995947024096,0,0,0.0502803586423598,2.0521281428715098e-07,IQGAP3
358,GO_Molecular_Function_2021,mRNA binding (GO:0003729),1/263,0.999995947024096,0.999995947024096,0,0,0.0645426081655837,2.615901657789936e-07,CELF3
